file	section	snippet
eq_accents_001.tex	Accents	\Overrightarrow{AB}
eq_accents_002.tex	Accents	\acute{a}
eq_accents_003.tex	Accents	\bar{y}
eq_accents_004.tex	Accents	\breve{a}
eq_accents_005.tex	Accents	\check{a}
eq_accents_006.tex	Accents	\ddddot{a}
eq_accents_007.tex	Accents	\dddot{a}
eq_accents_008.tex	Accents	\ddot{a}
eq_accents_009.tex	Accents	\dot{a}
eq_accents_010.tex	Accents	\grave{a}
eq_accents_011.tex	Accents	\hat{\theta}
eq_accents_012.tex	Accents	\mathring{g}
eq_accents_013.tex	Accents	\overbrace{AB}
eq_accents_014.tex	Accents	\overbracket{AB}
eq_accents_015.tex	Accents	\overgroup{AB}
eq_accents_016.tex	Accents	\overleftarrow{AB}
eq_accents_017.tex	Accents	\overleftharpoon{ac}
eq_accents_018.tex	Accents	\overleftrightarrow{AB}
eq_accents_019.tex	Accents	\overlinesegment{AB}
eq_accents_020.tex	Accents	\overline{AB}
eq_accents_021.tex	Accents	\overrightarrow{AB}
eq_accents_022.tex	Accents	\overrightharpoon{ac}
eq_accents_023.tex	Accents	\text{\"{a}}
eq_accents_024.tex	Accents	\text{\'{a}}
eq_accents_025.tex	Accents	\text{\.{a}}
eq_accents_026.tex	Accents	\text{\={a}}
eq_accents_027.tex	Accents	\text{\H{a}}
eq_accents_028.tex	Accents	\text{\^{a}}
eq_accents_029.tex	Accents	\text{\r{a}}
eq_accents_030.tex	Accents	\text{\u{a}}
eq_accents_031.tex	Accents	\text{\v{a}}
eq_accents_032.tex	Accents	\text{\~{a}}
eq_accents_033.tex	Accents	\tilde{a}
eq_accents_034.tex	Accents	\underbar{X}
eq_accents_035.tex	Accents	\underbrace{AB}
eq_accents_036.tex	Accents	\underbracket{AB}
eq_accents_037.tex	Accents	\undergroup{AB}
eq_accents_038.tex	Accents	\underleftarrow{AB}
eq_accents_039.tex	Accents	\underleftrightarrow{AB}
eq_accents_040.tex	Accents	\underlinesegment{AB}
eq_accents_041.tex	Accents	\underline{AB}
eq_accents_042.tex	Accents	\underrightarrow{AB}
eq_accents_043.tex	Accents	\utilde{AB}
eq_accents_044.tex	Accents	\vec{F}
eq_accents_045.tex	Accents	\widecheck{ac}
eq_accents_046.tex	Accents	\widehat{ac}
eq_accents_047.tex	Accents	\widetilde{ac}
eq_accents_048.tex	Accents	a^{' '}
eq_accents_049.tex	Accents	a^{'}
eq_accents_050.tex	Accents	a^{\prime}
eq_annotation_001.tex	Annotation	\bcancel{5}
eq_annotation_002.tex	Annotation	\boxed{\pi=\frac c d}
eq_annotation_003.tex	Annotation	\cancel{5}
eq_annotation_004.tex	Annotation	\not =
eq_annotation_005.tex	Annotation	\overbrace{a+b+c}^{\text{note}}
eq_annotation_006.tex	Annotation	\overbracket{a+b+c}^{\text{note}}
eq_annotation_007.tex	Annotation	\phase{-78^\circ}
eq_annotation_008.tex	Annotation	\tag*{hi} x+y^{2x}
eq_annotation_009.tex	Annotation	\tag{hi} x+y^{2x}
eq_annotation_010.tex	Annotation	\text{\sout{abc}}
eq_annotation_011.tex	Annotation	\underbrace{a+b+c}_{\text{note}}
eq_annotation_012.tex	Annotation	\underbracket{a+b+c}_{\text{note}}
eq_annotation_013.tex	Annotation	\xcancel{ABC}
eq_annotation_014.tex	Annotation	a_\angln
eq_annotation_015.tex	Annotation	a_{\angl n}
eq_arrows_001.tex	Arrows	\Darr
eq_arrows_002.tex	Arrows	\Harr
eq_arrows_003.tex	Arrows	\Larr
eq_arrows_004.tex	Arrows	\Leftarrow
eq_arrows_005.tex	Arrows	\Leftrightarrow
eq_arrows_006.tex	Arrows	\Lleftarrow
eq_arrows_007.tex	Arrows	\Longleftarrow
eq_arrows_008.tex	Arrows	\Longleftrightarrow
eq_arrows_009.tex	Arrows	\Longrightarrow
eq_arrows_010.tex	Arrows	\Lrarr
eq_arrows_011.tex	Arrows	\Lsh
eq_arrows_012.tex	Arrows	\Rarr
eq_arrows_013.tex	Arrows	\Rightarrow
eq_arrows_014.tex	Arrows	\Rrightarrow
eq_arrows_015.tex	Arrows	\Rsh
eq_arrows_016.tex	Arrows	\Uarr
eq_arrows_017.tex	Arrows	\circlearrowleft
eq_arrows_018.tex	Arrows	\circlearrowright
eq_arrows_019.tex	Arrows	\curvearrowleft
eq_arrows_020.tex	Arrows	\curvearrowright
eq_arrows_021.tex	Arrows	\dArr
eq_arrows_022.tex	Arrows	\darr
eq_arrows_023.tex	Arrows	\dashleftarrow
eq_arrows_024.tex	Arrows	\dashrightarrow
eq_arrows_025.tex	Arrows	\downdownarrows
eq_arrows_026.tex	Arrows	\downharpoonleft
eq_arrows_027.tex	Arrows	\downharpoonright
eq_arrows_028.tex	Arrows	\hArr
eq_arrows_029.tex	Arrows	\harr
eq_arrows_030.tex	Arrows	\hookleftarrow
eq_arrows_031.tex	Arrows	\hookrightarrow
eq_arrows_032.tex	Arrows	\lArr
eq_arrows_033.tex	Arrows	\larr
eq_arrows_034.tex	Arrows	\leadsto
eq_arrows_035.tex	Arrows	\leftarrow
eq_arrows_036.tex	Arrows	\leftarrowtail
eq_arrows_037.tex	Arrows	\leftharpoondown
eq_arrows_038.tex	Arrows	\leftharpoonup
eq_arrows_039.tex	Arrows	\leftleftarrows
eq_arrows_040.tex	Arrows	\leftrightarrows
eq_arrows_041.tex	Arrows	\leftrightharpoons
eq_arrows_042.tex	Arrows	\leftrightsquigarrow
eq_arrows_043.tex	Arrows	\longleftarrow
eq_arrows_044.tex	Arrows	\longleftrightarrow
eq_arrows_045.tex	Arrows	\longmapsto
eq_arrows_046.tex	Arrows	\longrightarrow
eq_arrows_047.tex	Arrows	\looparrowleft
eq_arrows_048.tex	Arrows	\looparrowright
eq_arrows_049.tex	Arrows	\lrArr
eq_arrows_050.tex	Arrows	\lrarr
eq_arrows_051.tex	Arrows	\nLeftarrow
eq_arrows_052.tex	Arrows	\nLeftrightarrow
eq_arrows_053.tex	Arrows	\nRightarrow
eq_arrows_054.tex	Arrows	\nearrow
eq_arrows_055.tex	Arrows	\nleftarrow
eq_arrows_056.tex	Arrows	\nleftrightarrow
eq_arrows_057.tex	Arrows	\nrightarrow
eq_arrows_058.tex	Arrows	\nwarrow
eq_arrows_059.tex	Arrows	\rArr
eq_arrows_060.tex	Arrows	\rarr
eq_arrows_061.tex	Arrows	\restriction
eq_arrows_062.tex	Arrows	\rightarrow
eq_arrows_063.tex	Arrows	\rightarrowtail
eq_arrows_064.tex	Arrows	\rightharpoondown
eq_arrows_065.tex	Arrows	\rightharpoonup
eq_arrows_066.tex	Arrows	\rightleftarrows
eq_arrows_067.tex	Arrows	\rightleftharpoons
eq_arrows_068.tex	Arrows	\rightrightarrows
eq_arrows_069.tex	Arrows	\rightsquigarrow
eq_arrows_070.tex	Arrows	\searrow
eq_arrows_071.tex	Arrows	\swarrow
eq_arrows_072.tex	Arrows	\twoheadleftarrow
eq_arrows_073.tex	Arrows	\twoheadrightarrow
eq_arrows_074.tex	Arrows	\uArr
eq_arrows_075.tex	Arrows	\uarr
eq_arrows_076.tex	Arrows	\upharpoonleft
eq_arrows_077.tex	Arrows	\upharpoonright
eq_arrows_078.tex	Arrows	\upuparrows
eq_arrows_079.tex	Arrows	\xLeftarrow{abc}
eq_arrows_080.tex	Arrows	\xLeftrightarrow{abc}
eq_arrows_081.tex	Arrows	\xRightarrow{abc}
eq_arrows_082.tex	Arrows	\xhookleftarrow{abc}
eq_arrows_083.tex	Arrows	\xhookrightarrow{abc}
eq_arrows_084.tex	Arrows	\xleftarrow{abc}
eq_arrows_085.tex	Arrows	\xleftharpoondown{abc}
eq_arrows_086.tex	Arrows	\xleftharpoonup{abc}
eq_arrows_087.tex	Arrows	\xleftrightarrow{abc}
eq_arrows_088.tex	Arrows	\xleftrightharpoons{abc}
eq_arrows_089.tex	Arrows	\xlongequal{abc}
eq_arrows_090.tex	Arrows	\xmapsto{abc}
eq_arrows_091.tex	Arrows	\xrightarrow[under]{over}
eq_arrows_092.tex	Arrows	\xrightharpoondown{abc}
eq_arrows_093.tex	Arrows	\xrightharpoonup{abc}
eq_arrows_094.tex	Arrows	\xrightleftharpoons{abc}
eq_arrows_095.tex	Arrows	\xtofrom{abc}
eq_arrows_096.tex	Arrows	\xtwoheadleftarrow{abc}
eq_arrows_097.tex	Arrows	\xtwoheadrightarrow{abc}
eq_arrows_098.tex	Arrows	← ↑ → ↓ ↔ ↕ ↖ ↗ ↘ ↙ ↚ ↛ ↞ ↠ ↢ ↣ ↦ ↩ ↪ ↫ ↬ ↭ ↮ ↰ ↱↶ ↷ ↺ ↻ ↼ ↽ ↾ ↾ ↿ ⇀ ⇁ ⇂ ⇃ ⇄ ⇆ ⇇ ⇈ ⇉ ⇊ ⇋ ⇌⇍ ⇎ ⇏ ⇐ ⇑ ⇒ ⇓ ⇔ ⇕ ⇚ ⇛ ⇝ ⇠ ⇢ ⟵ ⟶ ⟷ ⟸ ⟹ ⟺ ⟼
eq_big-operators_001.tex	Big Operators	\bigcap
eq_big-operators_002.tex	Big Operators	\bigcup
eq_big-operators_003.tex	Big Operators	\bigodot
eq_big-operators_004.tex	Big Operators	\bigoplus
eq_big-operators_005.tex	Big Operators	\bigotimes
eq_big-operators_006.tex	Big Operators	\bigsqcup
eq_big-operators_007.tex	Big Operators	\biguplus
eq_big-operators_008.tex	Big Operators	\bigvee
eq_big-operators_009.tex	Big Operators	\bigwedge
eq_big-operators_010.tex	Big Operators	\coprod
eq_big-operators_011.tex	Big Operators	\iiint
eq_big-operators_012.tex	Big Operators	\iint
eq_big-operators_013.tex	Big Operators	\int
eq_big-operators_014.tex	Big Operators	\intop
eq_big-operators_015.tex	Big Operators	\oiiint
eq_big-operators_016.tex	Big Operators	\oiint
eq_big-operators_017.tex	Big Operators	\oint
eq_big-operators_018.tex	Big Operators	\prod
eq_big-operators_019.tex	Big Operators	\smallint
eq_big-operators_020.tex	Big Operators	\sum
eq_big-operators_021.tex	Big Operators	∫ ∬ ∭ ∮ ∏ ∐ ∑ ⋀ ⋁ ⋂ ⋃ ⨀ ⨁ ⨂ ⨄ ⨆
eq_binary-operators_001.tex	Binary Operators	*
eq_binary-operators_002.tex	Binary Operators	+
eq_binary-operators_003.tex	Binary Operators	+ - / * ⋅ ∘ ∙ ± × ÷ ∓ ∔ ∧ ∨ ∩ ∪ ≀ ⊎ ⊓ ⊔ ⊕ ⊖ ⊗ ⊘ ⊙ ⊚ ⊛ ⊝ ◯ ∖ {}
eq_binary-operators_004.tex	Binary Operators	-
eq_binary-operators_005.tex	Binary Operators	\And
eq_binary-operators_006.tex	Binary Operators	\Cap
eq_binary-operators_007.tex	Binary Operators	\Cup
eq_binary-operators_008.tex	Binary Operators	\amalg
eq_binary-operators_009.tex	Binary Operators	\ast
eq_binary-operators_010.tex	Binary Operators	\barwedge
eq_binary-operators_011.tex	Binary Operators	\bigcirc
eq_binary-operators_012.tex	Binary Operators	\bmod
eq_binary-operators_013.tex	Binary Operators	\boxdot
eq_binary-operators_014.tex	Binary Operators	\boxminus
eq_binary-operators_015.tex	Binary Operators	\boxplus
eq_binary-operators_016.tex	Binary Operators	\boxtimes
eq_binary-operators_017.tex	Binary Operators	\bullet
eq_binary-operators_018.tex	Binary Operators	\cap
eq_binary-operators_019.tex	Binary Operators	\cdot
eq_binary-operators_020.tex	Binary Operators	\cdotp
eq_binary-operators_021.tex	Binary Operators	\centerdot
eq_binary-operators_022.tex	Binary Operators	\circ
eq_binary-operators_023.tex	Binary Operators	\circledast
eq_binary-operators_024.tex	Binary Operators	\circledcirc
eq_binary-operators_025.tex	Binary Operators	\circleddash
eq_binary-operators_026.tex	Binary Operators	\cup
eq_binary-operators_027.tex	Binary Operators	\curlyvee
eq_binary-operators_028.tex	Binary Operators	\curlywedge
eq_binary-operators_029.tex	Binary Operators	\div
eq_binary-operators_030.tex	Binary Operators	\divideontimes
eq_binary-operators_031.tex	Binary Operators	\dotplus
eq_binary-operators_032.tex	Binary Operators	\doublebarwedge
eq_binary-operators_033.tex	Binary Operators	\doublecap
eq_binary-operators_034.tex	Binary Operators	\doublecup
eq_binary-operators_035.tex	Binary Operators	\gtrdot
eq_binary-operators_036.tex	Binary Operators	\intercal
eq_binary-operators_037.tex	Binary Operators	\ldotp
eq_binary-operators_038.tex	Binary Operators	\leftthreetimes
eq_binary-operators_039.tex	Binary Operators	\lessdot
eq_binary-operators_040.tex	Binary Operators	\lhd
eq_binary-operators_041.tex	Binary Operators	\ltimes
eq_binary-operators_042.tex	Binary Operators	\mp
eq_binary-operators_043.tex	Binary Operators	\odot
eq_binary-operators_044.tex	Binary Operators	\ominus
eq_binary-operators_045.tex	Binary Operators	\oplus
eq_binary-operators_046.tex	Binary Operators	\oslash
eq_binary-operators_047.tex	Binary Operators	\otimes
eq_binary-operators_048.tex	Binary Operators	\pm
eq_binary-operators_049.tex	Binary Operators	\rhd
eq_binary-operators_050.tex	Binary Operators	\rightthreetimes
eq_binary-operators_051.tex	Binary Operators	\rtimes
eq_binary-operators_052.tex	Binary Operators	\setminus
eq_binary-operators_053.tex	Binary Operators	\smallsetminus
eq_binary-operators_054.tex	Binary Operators	\sqcap
eq_binary-operators_055.tex	Binary Operators	\sqcup
eq_binary-operators_056.tex	Binary Operators	\times
eq_binary-operators_057.tex	Binary Operators	\unlhd
eq_binary-operators_058.tex	Binary Operators	\unrhd
eq_binary-operators_059.tex	Binary Operators	\uplus
eq_binary-operators_060.tex	Binary Operators	\vee
eq_binary-operators_061.tex	Binary Operators	\veebar
eq_binary-operators_062.tex	Binary Operators	\wedge
eq_binary-operators_063.tex	Binary Operators	\wr
eq_binary-operators_064.tex	Binary Operators	x \mod a
eq_binary-operators_065.tex	Binary Operators	x \pmod a
eq_binary-operators_066.tex	Binary Operators	x \pod a
eq_delimiters_001.tex	Delimiters	( \big( \Big( \bigg( \Bigg(
eq_delimiters_002.tex	Delimiters	(~)
eq_delimiters_003.tex	Delimiters	/
eq_delimiters_004.tex	Delimiters	[~]
eq_delimiters_005.tex	Delimiters	\Downarrow
eq_delimiters_006.tex	Delimiters	\Uparrow
eq_delimiters_007.tex	Delimiters	\Updownarrow
eq_delimiters_008.tex	Delimiters	\Vert
eq_delimiters_009.tex	Delimiters	\backslash
eq_delimiters_010.tex	Delimiters	\downarrow
eq_delimiters_011.tex	Delimiters	\lBrace~\rBrace
eq_delimiters_012.tex	Delimiters	\lVert~\rVert
eq_delimiters_013.tex	Delimiters	\langle~\rangle
eq_delimiters_014.tex	Delimiters	\lang~\rang
eq_delimiters_015.tex	Delimiters	\lbrace \rbrace
eq_delimiters_016.tex	Delimiters	\lbrack~\rbrack
eq_delimiters_017.tex	Delimiters	\lceil~\rceil
eq_delimiters_018.tex	Delimiters	\left(\LARGE{AB}\right)
eq_delimiters_019.tex	Delimiters	\left\lt~\right\gt
eq_delimiters_020.tex	Delimiters	\lfloor~\rfloor
eq_delimiters_021.tex	Delimiters	\lgroup~\rgroup
eq_delimiters_022.tex	Delimiters	\llbracket~\rrbracket
eq_delimiters_023.tex	Delimiters	\llcorner \lrcorner
eq_delimiters_024.tex	Delimiters	\lmoustache \rmoustache
eq_delimiters_025.tex	Delimiters	\lparen~\rparen
eq_delimiters_026.tex	Delimiters	\lvert~\rvert
eq_delimiters_027.tex	Delimiters	\ulcorner \urcorner
eq_delimiters_028.tex	Delimiters	\uparrow
eq_delimiters_029.tex	Delimiters	\updownarrow
eq_delimiters_030.tex	Delimiters	\vert
eq_delimiters_031.tex	Delimiters	\{ \}
eq_delimiters_032.tex	Delimiters	~~~~
eq_delimiters_033.tex	Delimiters	~~~~~
eq_delimiters_034.tex	Delimiters	⌈~⌉
eq_delimiters_035.tex	Delimiters	⌊~⌋
eq_delimiters_036.tex	Delimiters	⎰⎱
eq_delimiters_037.tex	Delimiters	┌ ┐
eq_delimiters_038.tex	Delimiters	└ ┘
eq_delimiters_039.tex	Delimiters	⟦~⟧
eq_delimiters_040.tex	Delimiters	⟨~⟩
eq_delimiters_041.tex	Delimiters	⟮~⟯
eq_environments_001.tex	Environments	\begin{Bmatrix} a & b \\ c & d \end{Bmatrix}
eq_environments_002.tex	Environments	\begin{CD}A @>a>> B \\@VbVV @AAcA\\C @= D\end{CD}
eq_environments_003.tex	Environments	\begin{Vmatrix} a & b \\ c & d \end{Vmatrix}
eq_environments_004.tex	Environments	\begin{alignat}{2}10&x+&3&y=2\\3&x+&13&y=4\end{alignat}
eq_environments_005.tex	Environments	\begin{align} a&=b+c \\ d+e&=f \end{align}
eq_environments_006.tex	Environments	\begin{array}{cc}a & b\\c & d\end{array}
eq_environments_007.tex	Environments	\begin{bmatrix} a & b \\ c & d \end{bmatrix}
eq_environments_008.tex	Environments	\begin{equation}\begin{split}a &=b+c\\&=e+f\end{split}\end{equation}
eq_environments_009.tex	Environments	\begin{gather} a=b \\ e=b+c \end{gather}
eq_environments_010.tex	Environments	\begin{matrix} a & b \\ c & d \end{matrix}
eq_environments_011.tex	Environments	\begin{pmatrix} a & b \\ c & d \end{pmatrix}
eq_environments_012.tex	Environments	\begin{smallmatrix} a & b \\ c & d \end{smallmatrix}
eq_environments_013.tex	Environments	\begin{vmatrix} a & b \\ c & d \end{vmatrix}
eq_environments_014.tex	Environments	\def\arraystretch{1.5}\begin{array}{c:c:c} a & b & c \\ \hline d & e & f \\ \hdashline g & h & i \end{array}
eq_environments_015.tex	Environments	\sum_{\begin{subarray}{l} i\in\Lambda\\ 0<j<n\end{subarray}}
eq_environments_016.tex	Environments	x = \begin{cases} a &\text{if } b \\ c &\text{if } d \end{cases}
eq_fractions-and-binomials_001.tex	Fractions and Binomials	\binom{n}{k}
eq_fractions-and-binomials_002.tex	Fractions and Binomials	\cfrac{a}{1 + \cfrac{1}{b}}
eq_fractions-and-binomials_003.tex	Fractions and Binomials	\dbinom{n}{k}
eq_fractions-and-binomials_004.tex	Fractions and Binomials	\dfrac{a}{b}
eq_fractions-and-binomials_005.tex	Fractions and Binomials	\frac{a}{b}
eq_fractions-and-binomials_006.tex	Fractions and Binomials	\genfrac ( ] {2pt}{1}a{a+1}
eq_fractions-and-binomials_007.tex	Fractions and Binomials	\tbinom{n}{k}
eq_fractions-and-binomials_008.tex	Fractions and Binomials	\tfrac{a}{b}
eq_fractions-and-binomials_009.tex	Fractions and Binomials	a/b
eq_fractions-and-binomials_010.tex	Fractions and Binomials	{a \above{2pt} b+1}
eq_fractions-and-binomials_011.tex	Fractions and Binomials	{a \over b}
eq_fractions-and-binomials_012.tex	Fractions and Binomials	{n \choose k}
eq_fractions-and-binomials_013.tex	Fractions and Binomials	{n\brace k}
eq_fractions-and-binomials_014.tex	Fractions and Binomials	{n\brack k}
eq_html_001.tex	HTML	\htmlClass{foo}{x}
eq_html_002.tex	HTML	\htmlData{foo=a, bar=b}{x}
eq_html_003.tex	HTML	\htmlId{bar}{x}
eq_html_004.tex	HTML	\htmlStyle{color: red;}{x}
eq_letters-and-unicode_001.tex	Letters and Unicode	\Alpha
eq_letters-and-unicode_002.tex	Letters and Unicode	\Bbbk
eq_letters-and-unicode_003.tex	Letters and Unicode	\Beta
eq_letters-and-unicode_004.tex	Letters and Unicode	\Chi
eq_letters-and-unicode_005.tex	Letters and Unicode	\Complex
eq_letters-and-unicode_006.tex	Letters and Unicode	\Delta
eq_letters-and-unicode_007.tex	Letters and Unicode	\Epsilon
eq_letters-and-unicode_008.tex	Letters and Unicode	\Eta
eq_letters-and-unicode_009.tex	Letters and Unicode	\Finv
eq_letters-and-unicode_010.tex	Letters and Unicode	\Game
eq_letters-and-unicode_011.tex	Letters and Unicode	\Gamma
eq_letters-and-unicode_012.tex	Letters and Unicode	\Im
eq_letters-and-unicode_013.tex	Letters and Unicode	\Iota
eq_letters-and-unicode_014.tex	Letters and Unicode	\Kappa
eq_letters-and-unicode_015.tex	Letters and Unicode	\Lambda
eq_letters-and-unicode_016.tex	Letters and Unicode	\Mu
eq_letters-and-unicode_017.tex	Letters and Unicode	\N
eq_letters-and-unicode_018.tex	Letters and Unicode	\Nu
eq_letters-and-unicode_019.tex	Letters and Unicode	\Omega
eq_letters-and-unicode_020.tex	Letters and Unicode	\Omicron
eq_letters-and-unicode_021.tex	Letters and Unicode	\Phi
eq_letters-and-unicode_022.tex	Letters and Unicode	\Pi
eq_letters-and-unicode_023.tex	Letters and Unicode	\Psi
eq_letters-and-unicode_024.tex	Letters and Unicode	\R
eq_letters-and-unicode_025.tex	Letters and Unicode	\Re
eq_letters-and-unicode_026.tex	Letters and Unicode	\Reals
eq_letters-and-unicode_027.tex	Letters and Unicode	\Rho
eq_letters-and-unicode_028.tex	Letters and Unicode	\Sigma
eq_letters-and-unicode_029.tex	Letters and Unicode	\Tau
eq_letters-and-unicode_030.tex	Letters and Unicode	\Theta
eq_letters-and-unicode_031.tex	Letters and Unicode	\Upsilon
eq_letters-and-unicode_032.tex	Letters and Unicode	\Xi
eq_letters-and-unicode_033.tex	Letters and Unicode	\Z
eq_letters-and-unicode_034.tex	Letters and Unicode	\Zeta
eq_letters-and-unicode_035.tex	Letters and Unicode	\alef
eq_letters-and-unicode_036.tex	Letters and Unicode	\alefsym
eq_letters-and-unicode_037.tex	Letters and Unicode	\aleph
eq_letters-and-unicode_038.tex	Letters and Unicode	\allowbreak α β γ δ ϵ ζ η θ ι κ λ μ ν ξ o π \allowbreak ρ σ τ υ ϕ χ ψ ω ε ϑ ϖ ϱ ς φ ϝ
eq_letters-and-unicode_039.tex	Letters and Unicode	\alpha
eq_letters-and-unicode_040.tex	Letters and Unicode	\beta
eq_letters-and-unicode_041.tex	Letters and Unicode	\beth
eq_letters-and-unicode_042.tex	Letters and Unicode	\char"263a
eq_letters-and-unicode_043.tex	Letters and Unicode	\chi
eq_letters-and-unicode_044.tex	Letters and Unicode	\cnums
eq_letters-and-unicode_045.tex	Letters and Unicode	\daleth
eq_letters-and-unicode_046.tex	Letters and Unicode	\delta
eq_letters-and-unicode_047.tex	Letters and Unicode	\digamma
eq_letters-and-unicode_048.tex	Letters and Unicode	\ell
eq_letters-and-unicode_049.tex	Letters and Unicode	\epsilon
eq_letters-and-unicode_050.tex	Letters and Unicode	\eta
eq_letters-and-unicode_051.tex	Letters and Unicode	\eth
eq_letters-and-unicode_052.tex	Letters and Unicode	\gamma
eq_letters-and-unicode_053.tex	Letters and Unicode	\gimel
eq_letters-and-unicode_054.tex	Letters and Unicode	\hbar
eq_letters-and-unicode_055.tex	Letters and Unicode	\hslash
eq_letters-and-unicode_056.tex	Letters and Unicode	\image
eq_letters-and-unicode_057.tex	Letters and Unicode	\imath
eq_letters-and-unicode_058.tex	Letters and Unicode	\iota
eq_letters-and-unicode_059.tex	Letters and Unicode	\jmath
eq_letters-and-unicode_060.tex	Letters and Unicode	\kappa
eq_letters-and-unicode_061.tex	Letters and Unicode	\lambda
eq_letters-and-unicode_062.tex	Letters and Unicode	\mu
eq_letters-and-unicode_063.tex	Letters and Unicode	\nabla
eq_letters-and-unicode_064.tex	Letters and Unicode	\natnums
eq_letters-and-unicode_065.tex	Letters and Unicode	\nu
eq_letters-and-unicode_066.tex	Letters and Unicode	\omega
eq_letters-and-unicode_067.tex	Letters and Unicode	\omicron
eq_letters-and-unicode_068.tex	Letters and Unicode	\partial
eq_letters-and-unicode_069.tex	Letters and Unicode	\phi
eq_letters-and-unicode_070.tex	Letters and Unicode	\pi
eq_letters-and-unicode_071.tex	Letters and Unicode	\psi
eq_letters-and-unicode_072.tex	Letters and Unicode	\real
eq_letters-and-unicode_073.tex	Letters and Unicode	\reals
eq_letters-and-unicode_074.tex	Letters and Unicode	\rho
eq_letters-and-unicode_075.tex	Letters and Unicode	\sigma
eq_letters-and-unicode_076.tex	Letters and Unicode	\tau
eq_letters-and-unicode_077.tex	Letters and Unicode	\text{$𝔄$-$ℨ$}\text{ $𝔞$-$𝔷$}
eq_letters-and-unicode_078.tex	Letters and Unicode	\text{\AA}
eq_letters-and-unicode_079.tex	Letters and Unicode	\text{\AE}
eq_letters-and-unicode_080.tex	Letters and Unicode	\text{\OE}
eq_letters-and-unicode_081.tex	Letters and Unicode	\text{\O}
eq_letters-and-unicode_082.tex	Letters and Unicode	\text{\aa}
eq_letters-and-unicode_083.tex	Letters and Unicode	\text{\ae}
eq_letters-and-unicode_084.tex	Letters and Unicode	\text{\i}
eq_letters-and-unicode_085.tex	Letters and Unicode	\text{\j}
eq_letters-and-unicode_086.tex	Letters and Unicode	\text{\oe}
eq_letters-and-unicode_087.tex	Letters and Unicode	\text{\o}
eq_letters-and-unicode_088.tex	Letters and Unicode	\text{\ss}
eq_letters-and-unicode_089.tex	Letters and Unicode	\text{𝐀-𝐙 𝐚-𝐳 𝟎-𝟗}
eq_letters-and-unicode_090.tex	Letters and Unicode	\text{𝐴-𝑍 𝑎-𝑧}
eq_letters-and-unicode_091.tex	Letters and Unicode	\text{𝑨-𝒁 𝒂-𝒛}
eq_letters-and-unicode_092.tex	Letters and Unicode	\text{𝒜-𝒵}
eq_letters-and-unicode_093.tex	Letters and Unicode	\text{𝔸-}ℤ\ 𝕜
eq_letters-and-unicode_094.tex	Letters and Unicode	\text{𝕬-𝖅 𝖆-𝖟}
eq_letters-and-unicode_095.tex	Letters and Unicode	\text{𝖠-𝖹 𝖺-𝗓 𝟢-𝟫}
eq_letters-and-unicode_096.tex	Letters and Unicode	\text{𝗔-𝗭 𝗮-𝘇 𝟬-𝟵}
eq_letters-and-unicode_097.tex	Letters and Unicode	\text{𝘈-𝘡 𝘢-𝘻}
eq_letters-and-unicode_098.tex	Letters and Unicode	\text{𝙰-𝚉 𝚊-𝚣 𝟶-𝟿}
eq_letters-and-unicode_099.tex	Letters and Unicode	\theta
eq_letters-and-unicode_100.tex	Letters and Unicode	\thetasym
eq_letters-and-unicode_101.tex	Letters and Unicode	\upsilon
eq_letters-and-unicode_102.tex	Letters and Unicode	\varDelta
eq_letters-and-unicode_103.tex	Letters and Unicode	\varGamma
eq_letters-and-unicode_104.tex	Letters and Unicode	\varLambda
eq_letters-and-unicode_105.tex	Letters and Unicode	\varOmega
eq_letters-and-unicode_106.tex	Letters and Unicode	\varPhi
eq_letters-and-unicode_107.tex	Letters and Unicode	\varPi
eq_letters-and-unicode_108.tex	Letters and Unicode	\varPsi
eq_letters-and-unicode_109.tex	Letters and Unicode	\varSigma
eq_letters-and-unicode_110.tex	Letters and Unicode	\varTheta
eq_letters-and-unicode_111.tex	Letters and Unicode	\varUpsilon
eq_letters-and-unicode_112.tex	Letters and Unicode	\varXi
eq_letters-and-unicode_113.tex	Letters and Unicode	\varepsilon
eq_letters-and-unicode_114.tex	Letters and Unicode	\varkappa
eq_letters-and-unicode_115.tex	Letters and Unicode	\varphi
eq_letters-and-unicode_116.tex	Letters and Unicode	\varpi
eq_letters-and-unicode_117.tex	Letters and Unicode	\varrho
eq_letters-and-unicode_118.tex	Letters and Unicode	\varsigma
eq_letters-and-unicode_119.tex	Letters and Unicode	\vartheta
eq_letters-and-unicode_120.tex	Letters and Unicode	\weierp
eq_letters-and-unicode_121.tex	Letters and Unicode	\wp
eq_letters-and-unicode_122.tex	Letters and Unicode	\xi
eq_letters-and-unicode_123.tex	Letters and Unicode	\zeta
eq_letters-and-unicode_124.tex	Letters and Unicode	Α Β Γ Δ Ε Ζ Η Θ Ι \allowbreak Κ Λ Μ Ν Ξ Ο Π Ρ Σ Τ Υ Φ Χ Ψ Ω
eq_letters-and-unicode_125.tex	Letters and Unicode	∂ ∇ ℑ Ⅎ ℵ ℶ ℷ ℸ ⅁ ℏ ð − ∗
eq_logic-and-set-theory_001.tex	Logic and Set Theory	\Set{ x \VERT x<\frac 1 2 }
eq_logic-and-set-theory_002.tex	Logic and Set Theory	\because
eq_logic-and-set-theory_003.tex	Logic and Set Theory	\complement
eq_logic-and-set-theory_004.tex	Logic and Set Theory	\empty
eq_logic-and-set-theory_005.tex	Logic and Set Theory	\emptyset
eq_logic-and-set-theory_006.tex	Logic and Set Theory	\exist
eq_logic-and-set-theory_007.tex	Logic and Set Theory	\exists
eq_logic-and-set-theory_008.tex	Logic and Set Theory	\forall
eq_logic-and-set-theory_009.tex	Logic and Set Theory	\gdef\VERT{|}
eq_logic-and-set-theory_010.tex	Logic and Set Theory	\gets
eq_logic-and-set-theory_011.tex	Logic and Set Theory	\iff
eq_logic-and-set-theory_012.tex	Logic and Set Theory	\impliedby
eq_logic-and-set-theory_013.tex	Logic and Set Theory	\implies
eq_logic-and-set-theory_014.tex	Logic and Set Theory	\in
eq_logic-and-set-theory_015.tex	Logic and Set Theory	\isin
eq_logic-and-set-theory_016.tex	Logic and Set Theory	\land
eq_logic-and-set-theory_017.tex	Logic and Set Theory	\leftrightarrow
eq_logic-and-set-theory_018.tex	Logic and Set Theory	\lor
eq_logic-and-set-theory_019.tex	Logic and Set Theory	\mapsto
eq_logic-and-set-theory_020.tex	Logic and Set Theory	\mid
eq_logic-and-set-theory_021.tex	Logic and Set Theory	\neg
eq_logic-and-set-theory_022.tex	Logic and Set Theory	\nexists
eq_logic-and-set-theory_023.tex	Logic and Set Theory	\ni
eq_logic-and-set-theory_024.tex	Logic and Set Theory	\notin
eq_logic-and-set-theory_025.tex	Logic and Set Theory	\notni
eq_logic-and-set-theory_026.tex	Logic and Set Theory	\set{x\VERT x<5}
eq_logic-and-set-theory_027.tex	Logic and Set Theory	\subset
eq_logic-and-set-theory_028.tex	Logic and Set Theory	\supset
eq_logic-and-set-theory_029.tex	Logic and Set Theory	\therefore
eq_logic-and-set-theory_030.tex	Logic and Set Theory	\to
eq_logic-and-set-theory_031.tex	Logic and Set Theory	\varnothing
eq_logic-and-set-theory_032.tex	Logic and Set Theory	∀ ∴ ∁ ∵ ∃ ∣ ∈ ∉ ∋ ⊂ ⊃ ∧ ∨ ↦ → ← ↔ ¬
eq_macros_001.tex	Macros	\def\foo{x^2} \foo + \foo
eq_macros_002.tex	Macros	\gdef\foo#1{#1^2} \foo{y} + \foo{y}
eq_math-operators_001.tex	Math Operators	\Pr
eq_math-operators_002.tex	Math Operators	\arccos
eq_math-operators_003.tex	Math Operators	\arcctg
eq_math-operators_004.tex	Math Operators	\arcsin
eq_math-operators_005.tex	Math Operators	\arctan
eq_math-operators_006.tex	Math Operators	\arctg
eq_math-operators_007.tex	Math Operators	\arg
eq_math-operators_008.tex	Math Operators	\argmax
eq_math-operators_009.tex	Math Operators	\argmin
eq_math-operators_010.tex	Math Operators	\ch
eq_math-operators_011.tex	Math Operators	\cos
eq_math-operators_012.tex	Math Operators	\cosec
eq_math-operators_013.tex	Math Operators	\cosh
eq_math-operators_014.tex	Math Operators	\cot
eq_math-operators_015.tex	Math Operators	\cotg
eq_math-operators_016.tex	Math Operators	\coth
eq_math-operators_017.tex	Math Operators	\csc
eq_math-operators_018.tex	Math Operators	\ctg
eq_math-operators_019.tex	Math Operators	\cth
eq_math-operators_020.tex	Math Operators	\deg
eq_math-operators_021.tex	Math Operators	\det
eq_math-operators_022.tex	Math Operators	\dim
eq_math-operators_023.tex	Math Operators	\exp
eq_math-operators_024.tex	Math Operators	\gcd
eq_math-operators_025.tex	Math Operators	\hom
eq_math-operators_026.tex	Math Operators	\inf
eq_math-operators_027.tex	Math Operators	\injlim
eq_math-operators_028.tex	Math Operators	\ker
eq_math-operators_029.tex	Math Operators	\lg
eq_math-operators_030.tex	Math Operators	\lim
eq_math-operators_031.tex	Math Operators	\liminf
eq_math-operators_032.tex	Math Operators	\limsup
eq_math-operators_033.tex	Math Operators	\ln
eq_math-operators_034.tex	Math Operators	\log
eq_math-operators_035.tex	Math Operators	\max
eq_math-operators_036.tex	Math Operators	\min
eq_math-operators_037.tex	Math Operators	\operatorname*{f}
eq_math-operators_038.tex	Math Operators	\operatornamewithlimits{f}
eq_math-operators_039.tex	Math Operators	\operatorname{f}
eq_math-operators_040.tex	Math Operators	\plim
eq_math-operators_041.tex	Math Operators	\projlim
eq_math-operators_042.tex	Math Operators	\sec
eq_math-operators_043.tex	Math Operators	\sh
eq_math-operators_044.tex	Math Operators	\sin
eq_math-operators_045.tex	Math Operators	\sinh
eq_math-operators_046.tex	Math Operators	\sup
eq_math-operators_047.tex	Math Operators	\tan
eq_math-operators_048.tex	Math Operators	\tanh
eq_math-operators_049.tex	Math Operators	\tg
eq_math-operators_050.tex	Math Operators	\th
eq_math-operators_051.tex	Math Operators	\varinjlim
eq_math-operators_052.tex	Math Operators	\varliminf
eq_math-operators_053.tex	Math Operators	\varlimsup
eq_math-operators_054.tex	Math Operators	\varprojlim
eq_negated-relations_001.tex	Negated Relations	\gnapprox
eq_negated-relations_002.tex	Negated Relations	\gneq
eq_negated-relations_003.tex	Negated Relations	\gneqq
eq_negated-relations_004.tex	Negated Relations	\gnsim
eq_negated-relations_005.tex	Negated Relations	\gvertneqq
eq_negated-relations_006.tex	Negated Relations	\lnapprox
eq_negated-relations_007.tex	Negated Relations	\lneq
eq_negated-relations_008.tex	Negated Relations	\lneqq
eq_negated-relations_009.tex	Negated Relations	\lnsim
eq_negated-relations_010.tex	Negated Relations	\lvertneqq
eq_negated-relations_011.tex	Negated Relations	\nVDash
eq_negated-relations_012.tex	Negated Relations	\nVdash
eq_negated-relations_013.tex	Negated Relations	\ncong
eq_negated-relations_014.tex	Negated Relations	\ne
eq_negated-relations_015.tex	Negated Relations	\neq
eq_negated-relations_016.tex	Negated Relations	\ngeq
eq_negated-relations_017.tex	Negated Relations	\ngeqq
eq_negated-relations_018.tex	Negated Relations	\ngeqslant
eq_negated-relations_019.tex	Negated Relations	\ngtr
eq_negated-relations_020.tex	Negated Relations	\nleq
eq_negated-relations_021.tex	Negated Relations	\nleqq
eq_negated-relations_022.tex	Negated Relations	\nleqslant
eq_negated-relations_023.tex	Negated Relations	\nless
eq_negated-relations_024.tex	Negated Relations	\nmid
eq_negated-relations_025.tex	Negated Relations	\nparallel
eq_negated-relations_026.tex	Negated Relations	\nprec
eq_negated-relations_027.tex	Negated Relations	\npreceq
eq_negated-relations_028.tex	Negated Relations	\nshortmid
eq_negated-relations_029.tex	Negated Relations	\nshortparallel
eq_negated-relations_030.tex	Negated Relations	\nsim
eq_negated-relations_031.tex	Negated Relations	\nsubseteq
eq_negated-relations_032.tex	Negated Relations	\nsubseteqq
eq_negated-relations_033.tex	Negated Relations	\nsucc
eq_negated-relations_034.tex	Negated Relations	\nsucceq
eq_negated-relations_035.tex	Negated Relations	\nsupseteq
eq_negated-relations_036.tex	Negated Relations	\nsupseteqq
eq_negated-relations_037.tex	Negated Relations	\ntriangleleft
eq_negated-relations_038.tex	Negated Relations	\ntrianglelefteq
eq_negated-relations_039.tex	Negated Relations	\ntriangleright
eq_negated-relations_040.tex	Negated Relations	\ntrianglerighteq
eq_negated-relations_041.tex	Negated Relations	\nvDash
eq_negated-relations_042.tex	Negated Relations	\nvdash
eq_negated-relations_043.tex	Negated Relations	\precnapprox
eq_negated-relations_044.tex	Negated Relations	\precneqq
eq_negated-relations_045.tex	Negated Relations	\precnsim
eq_negated-relations_046.tex	Negated Relations	\subsetneq
eq_negated-relations_047.tex	Negated Relations	\subsetneqq
eq_negated-relations_048.tex	Negated Relations	\succnapprox
eq_negated-relations_049.tex	Negated Relations	\succneqq
eq_negated-relations_050.tex	Negated Relations	\succnsim
eq_negated-relations_051.tex	Negated Relations	\supsetneq
eq_negated-relations_052.tex	Negated Relations	\supsetneqq
eq_negated-relations_053.tex	Negated Relations	\varsubsetneq
eq_negated-relations_054.tex	Negated Relations	\varsubsetneqq
eq_negated-relations_055.tex	Negated Relations	\varsupsetneq
eq_negated-relations_056.tex	Negated Relations	\varsupsetneqq
eq_negated-relations_057.tex	Negated Relations	∉ ∌ ∤ ∦ ≁ ≆ ≠ ≨ ≩ ≮ ≯ ≰ ≱ ⊀ ⊁ ⊈ ⊉ ⊊ ⊋ ⊬ ⊭ ⊮ ⊯ ⋠ ⋡ ⋦ ⋧ ⋨ ⋩ ⋬ ⋭ ⪇ ⪈ ⪉ ⪊ ⪵ ⪶ ⪹ ⪺ ⫋ ⫌
eq_overlap-and-spacing_001.tex	Overlap and Spacing	\displaystyle\sum_{\mathclap{1\le i\le j\le n}} x_{ij}
eq_overlap-and-spacing_002.tex	Overlap and Spacing	\left(x^{\smash{2}}\right)
eq_overlap-and-spacing_003.tex	Overlap and Spacing	\mathrlap{\,/}{=}
eq_overlap-and-spacing_004.tex	Overlap and Spacing	\sqrt{\smash[b]{y}}
eq_overlap-and-spacing_005.tex	Overlap and Spacing	{=}\mathllap{/\,}
eq_relations_001.tex	Relations	:
eq_relations_002.tex	Relations	<
eq_relations_003.tex	Relations	=
eq_relations_004.tex	Relations	= < > : ∈ ∋ ∝ ∼ ∽ ≂ ≃ ≅ ≈ ≊ ≍ ≎ ≏ ≐ ≑ ≒ ≓ ≖ ≗ ≜ ≡ ≤ ≥ ≦ ≧ ≫ ≬ ≳ ≷ ≺ ≻ ≼ ≽ ≾ ≿ ⊂ ⊃ ⊆ ⊇ ⊏ ⊐ ⊑ ⊒ ⊢ ⊣ ⊩ ⊪ ⊸ ⋈ ⋍ ⋐ ⋑ ⋔ ⋙ ⋛ ⋞ ⋟ ⌢ ⌣ ⩾ ⪆ ⪌ ⪕ ⪖ ⪯ ⪰ ⪷ ⪸ ⫅ ⫆ ≲ ⩽ ⪅ ≶ ⋚ ⪋ ⟂ ⊨ ⊶ ⊷
eq_relations_005.tex	Relations	>
eq_relations_006.tex	Relations	\Bumpeq
eq_relations_007.tex	Relations	\Colonapprox
eq_relations_008.tex	Relations	\Coloneq
eq_relations_009.tex	Relations	\Coloneqq
eq_relations_010.tex	Relations	\Colonsim
eq_relations_011.tex	Relations	\Doteq
eq_relations_012.tex	Relations	\Eqcolon
eq_relations_013.tex	Relations	\Eqqcolon
eq_relations_014.tex	Relations	\Join
eq_relations_015.tex	Relations	\Subset
eq_relations_016.tex	Relations	\Supset
eq_relations_017.tex	Relations	\Vdash
eq_relations_018.tex	Relations	\Vvdash
eq_relations_019.tex	Relations	\approx
eq_relations_020.tex	Relations	\approxcolon
eq_relations_021.tex	Relations	\approxcoloncolon
eq_relations_022.tex	Relations	\approxeq
eq_relations_023.tex	Relations	\asymp
eq_relations_024.tex	Relations	\backepsilon
eq_relations_025.tex	Relations	\backsim
eq_relations_026.tex	Relations	\backsimeq
eq_relations_027.tex	Relations	\between
eq_relations_028.tex	Relations	\bowtie
eq_relations_029.tex	Relations	\bumpeq
eq_relations_030.tex	Relations	\circeq
eq_relations_031.tex	Relations	\colonapprox
eq_relations_032.tex	Relations	\coloneq
eq_relations_033.tex	Relations	\coloneqq
eq_relations_034.tex	Relations	\colonsim
eq_relations_035.tex	Relations	\cong
eq_relations_036.tex	Relations	\curlyeqprec
eq_relations_037.tex	Relations	\curlyeqsucc
eq_relations_038.tex	Relations	\dashv
eq_relations_039.tex	Relations	\dblcolon
eq_relations_040.tex	Relations	\doteq
eq_relations_041.tex	Relations	\doteqdot
eq_relations_042.tex	Relations	\eqcirc
eq_relations_043.tex	Relations	\eqcolon
eq_relations_044.tex	Relations	\eqqcolon
eq_relations_045.tex	Relations	\eqsim
eq_relations_046.tex	Relations	\eqslantgtr
eq_relations_047.tex	Relations	\eqslantless
eq_relations_048.tex	Relations	\equiv
eq_relations_049.tex	Relations	\fallingdotseq
eq_relations_050.tex	Relations	\frown
eq_relations_051.tex	Relations	\ge
eq_relations_052.tex	Relations	\geq
eq_relations_053.tex	Relations	\geqq
eq_relations_054.tex	Relations	\geqslant
eq_relations_055.tex	Relations	\gg
eq_relations_056.tex	Relations	\ggg
eq_relations_057.tex	Relations	\gggtr
eq_relations_058.tex	Relations	\gt
eq_relations_059.tex	Relations	\gtrapprox
eq_relations_060.tex	Relations	\gtreqless
eq_relations_061.tex	Relations	\gtreqqless
eq_relations_062.tex	Relations	\gtrless
eq_relations_063.tex	Relations	\gtrsim
eq_relations_064.tex	Relations	\imageof
eq_relations_065.tex	Relations	\le
eq_relations_066.tex	Relations	\leq
eq_relations_067.tex	Relations	\leqq
eq_relations_068.tex	Relations	\leqslant
eq_relations_069.tex	Relations	\lessapprox
eq_relations_070.tex	Relations	\lesseqgtr
eq_relations_071.tex	Relations	\lesseqqgtr
eq_relations_072.tex	Relations	\lessgtr
eq_relations_073.tex	Relations	\lesssim
eq_relations_074.tex	Relations	\ll
eq_relations_075.tex	Relations	\lll
eq_relations_076.tex	Relations	\llless
eq_relations_077.tex	Relations	\lt
eq_relations_078.tex	Relations	\models
eq_relations_079.tex	Relations	\multimap
eq_relations_080.tex	Relations	\origof
eq_relations_081.tex	Relations	\owns
eq_relations_082.tex	Relations	\parallel
eq_relations_083.tex	Relations	\perp
eq_relations_084.tex	Relations	\pitchfork
eq_relations_085.tex	Relations	\prec
eq_relations_086.tex	Relations	\precapprox
eq_relations_087.tex	Relations	\preccurlyeq
eq_relations_088.tex	Relations	\preceq
eq_relations_089.tex	Relations	\precsim
eq_relations_090.tex	Relations	\propto
eq_relations_091.tex	Relations	\risingdotseq
eq_relations_092.tex	Relations	\shortmid
eq_relations_093.tex	Relations	\shortparallel
eq_relations_094.tex	Relations	\sim
eq_relations_095.tex	Relations	\simcolon
eq_relations_096.tex	Relations	\simcoloncolon
eq_relations_097.tex	Relations	\simeq
eq_relations_098.tex	Relations	\smallfrown
eq_relations_099.tex	Relations	\smallsmile
eq_relations_100.tex	Relations	\smile
eq_relations_101.tex	Relations	\sqsubset
eq_relations_102.tex	Relations	\sqsubseteq
eq_relations_103.tex	Relations	\sqsupset
eq_relations_104.tex	Relations	\sqsupseteq
eq_relations_105.tex	Relations	\subseteq
eq_relations_106.tex	Relations	\subseteqq
eq_relations_107.tex	Relations	\succ
eq_relations_108.tex	Relations	\succapprox
eq_relations_109.tex	Relations	\succcurlyeq
eq_relations_110.tex	Relations	\succeq
eq_relations_111.tex	Relations	\succsim
eq_relations_112.tex	Relations	\supseteq
eq_relations_113.tex	Relations	\supseteqq
eq_relations_114.tex	Relations	\thickapprox
eq_relations_115.tex	Relations	\thicksim
eq_relations_116.tex	Relations	\trianglelefteq
eq_relations_117.tex	Relations	\triangleq
eq_relations_118.tex	Relations	\trianglerighteq
eq_relations_119.tex	Relations	\vDash
eq_relations_120.tex	Relations	\varpropto
eq_relations_121.tex	Relations	\vartriangle
eq_relations_122.tex	Relations	\vartriangleleft
eq_relations_123.tex	Relations	\vartriangleright
eq_relations_124.tex	Relations	\vcentcolon
eq_relations_125.tex	Relations	\vdash
eq_special-notation_001.tex	Special Notation	\Braket{ ϕ \VERT \frac{∂^2}{∂ t^2} \VERT ψ }
eq_special-notation_002.tex	Special Notation	\Bra{\phi}
eq_special-notation_003.tex	Special Notation	\Ket{\psi}
eq_special-notation_004.tex	Special Notation	\braket{\phi\VERT\psi}
eq_special-notation_005.tex	Special Notation	\bra{\phi}
eq_special-notation_006.tex	Special Notation	\ket{\psi}
eq_style-color-size-and-font_001.tex	Style, Color, Size, and Font	\Bbb{AB}
eq_style-color-size-and-font_002.tex	Style, Color, Size, and Font	\Huge AB
eq_style-color-size-and-font_003.tex	Style, Color, Size, and Font	\LARGE AB
eq_style-color-size-and-font_004.tex	Style, Color, Size, and Font	\Large AB
eq_style-color-size-and-font_005.tex	Style, Color, Size, and Font	\bf Ab0
eq_style-color-size-and-font_006.tex	Style, Color, Size, and Font	\bm{Ab0}
eq_style-color-size-and-font_007.tex	Style, Color, Size, and Font	\boldsymbol{Ab0}
eq_style-color-size-and-font_008.tex	Style, Color, Size, and Font	\bold{Ab0}
eq_style-color-size-and-font_009.tex	Style, Color, Size, and Font	\cal AB0
eq_style-color-size-and-font_010.tex	Style, Color, Size, and Font	\colorbox{aqua}{$F=ma$}
eq_style-color-size-and-font_011.tex	Style, Color, Size, and Font	\color{blue} F=ma
eq_style-color-size-and-font_012.tex	Style, Color, Size, and Font	\displaystyle\sum_{i=1}^n
eq_style-color-size-and-font_013.tex	Style, Color, Size, and Font	\emph{Ab0}
eq_style-color-size-and-font_014.tex	Style, Color, Size, and Font	\fcolorbox{red}{aqua}{$F=ma$}
eq_style-color-size-and-font_015.tex	Style, Color, Size, and Font	\footnotesize AB
eq_style-color-size-and-font_016.tex	Style, Color, Size, and Font	\frak{Ab0}
eq_style-color-size-and-font_017.tex	Style, Color, Size, and Font	\huge AB
eq_style-color-size-and-font_018.tex	Style, Color, Size, and Font	\it Ab0
eq_style-color-size-and-font_019.tex	Style, Color, Size, and Font	\large AB
eq_style-color-size-and-font_020.tex	Style, Color, Size, and Font	\lim\limits_x
eq_style-color-size-and-font_021.tex	Style, Color, Size, and Font	\lim\nolimits_x
eq_style-color-size-and-font_022.tex	Style, Color, Size, and Font	\mathbb{AB}
eq_style-color-size-and-font_023.tex	Style, Color, Size, and Font	\mathbf{Ab0}
eq_style-color-size-and-font_024.tex	Style, Color, Size, and Font	\mathcal{AB0}
eq_style-color-size-and-font_025.tex	Style, Color, Size, and Font	\mathfrak{Ab0}
eq_style-color-size-and-font_026.tex	Style, Color, Size, and Font	\mathit{Ab0}
eq_style-color-size-and-font_027.tex	Style, Color, Size, and Font	\mathnormal{Ab0}
eq_style-color-size-and-font_028.tex	Style, Color, Size, and Font	\mathrm{Ab0}
eq_style-color-size-and-font_029.tex	Style, Color, Size, and Font	\mathscr{AB}
eq_style-color-size-and-font_030.tex	Style, Color, Size, and Font	\mathsfit{Ab0}
eq_style-color-size-and-font_031.tex	Style, Color, Size, and Font	\mathsf{Ab0}
eq_style-color-size-and-font_032.tex	Style, Color, Size, and Font	\mathsf{\mathbf{H}}
eq_style-color-size-and-font_033.tex	Style, Color, Size, and Font	\mathtt{Ab0}
eq_style-color-size-and-font_034.tex	Style, Color, Size, and Font	\normalsize AB
eq_style-color-size-and-font_035.tex	Style, Color, Size, and Font	\pmb{\mu}
eq_style-color-size-and-font_036.tex	Style, Color, Size, and Font	\rm Ab0
eq_style-color-size-and-font_037.tex	Style, Color, Size, and Font	\scriptscriptstyle x
eq_style-color-size-and-font_038.tex	Style, Color, Size, and Font	\scriptsize AB
eq_style-color-size-and-font_039.tex	Style, Color, Size, and Font	\scriptstyle x
eq_style-color-size-and-font_040.tex	Style, Color, Size, and Font	\sf Ab0
eq_style-color-size-and-font_041.tex	Style, Color, Size, and Font	\small AB
eq_style-color-size-and-font_042.tex	Style, Color, Size, and Font	\textbf{Ab0}
eq_style-color-size-and-font_043.tex	Style, Color, Size, and Font	\textcolor{#228B22}{F=ma}
eq_style-color-size-and-font_044.tex	Style, Color, Size, and Font	\textcolor{blue}{F=ma}
eq_style-color-size-and-font_045.tex	Style, Color, Size, and Font	\textit{Ab0}
eq_style-color-size-and-font_046.tex	Style, Color, Size, and Font	\textmd{Ab0}
eq_style-color-size-and-font_047.tex	Style, Color, Size, and Font	\textnormal{Ab0}
eq_style-color-size-and-font_048.tex	Style, Color, Size, and Font	\textrm{Ab0}
eq_style-color-size-and-font_049.tex	Style, Color, Size, and Font	\textsf{Ab0}
eq_style-color-size-and-font_050.tex	Style, Color, Size, and Font	\textsf{\textbf{H}}
eq_style-color-size-and-font_051.tex	Style, Color, Size, and Font	\textstyle\sum_{i=1}^n
eq_style-color-size-and-font_052.tex	Style, Color, Size, and Font	\texttt{Ab0}
eq_style-color-size-and-font_053.tex	Style, Color, Size, and Font	\textup{Ab0}
eq_style-color-size-and-font_054.tex	Style, Color, Size, and Font	\text{Ab0}
eq_style-color-size-and-font_055.tex	Style, Color, Size, and Font	\tiny AB
eq_style-color-size-and-font_056.tex	Style, Color, Size, and Font	\tt Ab0
eq_style-color-size-and-font_057.tex	Style, Color, Size, and Font	\verb!x^2!
eq_symbols-and-punctuation_001.tex	Symbols and Punctuation	"
eq_symbols-and-punctuation_002.tex	Symbols and Punctuation	\#
eq_symbols-and-punctuation_003.tex	Symbols and Punctuation	\$
eq_symbols-and-punctuation_004.tex	Symbols and Punctuation	\%
eq_symbols-and-punctuation_005.tex	Symbols and Punctuation	\&
eq_symbols-and-punctuation_006.tex	Symbols and Punctuation	\Box
eq_symbols-and-punctuation_007.tex	Symbols and Punctuation	\Dagger
eq_symbols-and-punctuation_008.tex	Symbols and Punctuation	\Diamond
eq_symbols-and-punctuation_009.tex	Symbols and Punctuation	\KaTeX
eq_symbols-and-punctuation_010.tex	Symbols and Punctuation	\LaTeX
eq_symbols-and-punctuation_011.tex	Symbols and Punctuation	\TeX
eq_symbols-and-punctuation_012.tex	Symbols and Punctuation	\_
eq_symbols-and-punctuation_013.tex	Symbols and Punctuation	\angle
eq_symbols-and-punctuation_014.tex	Symbols and Punctuation	\backprime
eq_symbols-and-punctuation_015.tex	Symbols and Punctuation	\bigstar
eq_symbols-and-punctuation_016.tex	Symbols and Punctuation	\bigtriangledown
eq_symbols-and-punctuation_017.tex	Symbols and Punctuation	\bigtriangleup
eq_symbols-and-punctuation_018.tex	Symbols and Punctuation	\blacklozenge
eq_symbols-and-punctuation_019.tex	Symbols and Punctuation	\blacksquare
eq_symbols-and-punctuation_020.tex	Symbols and Punctuation	\blacktriangle
eq_symbols-and-punctuation_021.tex	Symbols and Punctuation	\blacktriangledown
eq_symbols-and-punctuation_022.tex	Symbols and Punctuation	\blacktriangleleft
eq_symbols-and-punctuation_023.tex	Symbols and Punctuation	\blacktriangleright
eq_symbols-and-punctuation_024.tex	Symbols and Punctuation	\bot
eq_symbols-and-punctuation_025.tex	Symbols and Punctuation	\cdots
eq_symbols-and-punctuation_026.tex	Symbols and Punctuation	\checkmark
eq_symbols-and-punctuation_027.tex	Symbols and Punctuation	\circledR
eq_symbols-and-punctuation_028.tex	Symbols and Punctuation	\circledS
eq_symbols-and-punctuation_029.tex	Symbols and Punctuation	\clubs
eq_symbols-and-punctuation_030.tex	Symbols and Punctuation	\clubsuit
eq_symbols-and-punctuation_031.tex	Symbols and Punctuation	\colon
eq_symbols-and-punctuation_032.tex	Symbols and Punctuation	\copyright
eq_symbols-and-punctuation_033.tex	Symbols and Punctuation	\dag
eq_symbols-and-punctuation_034.tex	Symbols and Punctuation	\dagger
eq_symbols-and-punctuation_035.tex	Symbols and Punctuation	\ddag
eq_symbols-and-punctuation_036.tex	Symbols and Punctuation	\ddagger
eq_symbols-and-punctuation_037.tex	Symbols and Punctuation	\ddots
eq_symbols-and-punctuation_038.tex	Symbols and Punctuation	\degree
eq_symbols-and-punctuation_039.tex	Symbols and Punctuation	\diagdown
eq_symbols-and-punctuation_040.tex	Symbols and Punctuation	\diagup
eq_symbols-and-punctuation_041.tex	Symbols and Punctuation	\diamond
eq_symbols-and-punctuation_042.tex	Symbols and Punctuation	\diamonds
eq_symbols-and-punctuation_043.tex	Symbols and Punctuation	\diamondsuit
eq_symbols-and-punctuation_044.tex	Symbols and Punctuation	\dots
eq_symbols-and-punctuation_045.tex	Symbols and Punctuation	\dotsb
eq_symbols-and-punctuation_046.tex	Symbols and Punctuation	\dotsc
eq_symbols-and-punctuation_047.tex	Symbols and Punctuation	\dotsi
eq_symbols-and-punctuation_048.tex	Symbols and Punctuation	\dotsm
eq_symbols-and-punctuation_049.tex	Symbols and Punctuation	\dotso
eq_symbols-and-punctuation_050.tex	Symbols and Punctuation	\flat
eq_symbols-and-punctuation_051.tex	Symbols and Punctuation	\hearts
eq_symbols-and-punctuation_052.tex	Symbols and Punctuation	\heartsuit
eq_symbols-and-punctuation_053.tex	Symbols and Punctuation	\infin
eq_symbols-and-punctuation_054.tex	Symbols and Punctuation	\infty
eq_symbols-and-punctuation_055.tex	Symbols and Punctuation	\ldots
eq_symbols-and-punctuation_056.tex	Symbols and Punctuation	\lozenge
eq_symbols-and-punctuation_057.tex	Symbols and Punctuation	\lq
eq_symbols-and-punctuation_058.tex	Symbols and Punctuation	\maltese
eq_symbols-and-punctuation_059.tex	Symbols and Punctuation	\mathellipsis
eq_symbols-and-punctuation_060.tex	Symbols and Punctuation	\mathsterling
eq_symbols-and-punctuation_061.tex	Symbols and Punctuation	\measuredangle
eq_symbols-and-punctuation_062.tex	Symbols and Punctuation	\mho
eq_symbols-and-punctuation_063.tex	Symbols and Punctuation	\minuso
eq_symbols-and-punctuation_064.tex	Symbols and Punctuation	\natural
eq_symbols-and-punctuation_065.tex	Symbols and Punctuation	\pounds
eq_symbols-and-punctuation_066.tex	Symbols and Punctuation	\prime
eq_symbols-and-punctuation_067.tex	Symbols and Punctuation	\rq
eq_symbols-and-punctuation_068.tex	Symbols and Punctuation	\sdot
eq_symbols-and-punctuation_069.tex	Symbols and Punctuation	\sharp
eq_symbols-and-punctuation_070.tex	Symbols and Punctuation	\spades
eq_symbols-and-punctuation_071.tex	Symbols and Punctuation	\spadesuit
eq_symbols-and-punctuation_072.tex	Symbols and Punctuation	\sphericalangle
eq_symbols-and-punctuation_073.tex	Symbols and Punctuation	\square
eq_symbols-and-punctuation_074.tex	Symbols and Punctuation	\star
eq_symbols-and-punctuation_075.tex	Symbols and Punctuation	\surd
eq_symbols-and-punctuation_076.tex	Symbols and Punctuation	\text{---}
eq_symbols-and-punctuation_077.tex	Symbols and Punctuation	\text{--}
eq_symbols-and-punctuation_078.tex	Symbols and Punctuation	\text{\P}
eq_symbols-and-punctuation_079.tex	Symbols and Punctuation	\text{\S}
eq_symbols-and-punctuation_080.tex	Symbols and Punctuation	\text{\sect}
eq_symbols-and-punctuation_081.tex	Symbols and Punctuation	\text{\textasciicircum}
eq_symbols-and-punctuation_082.tex	Symbols and Punctuation	\text{\textasciitilde}
eq_symbols-and-punctuation_083.tex	Symbols and Punctuation	\text{\textbackslash}
eq_symbols-and-punctuation_084.tex	Symbols and Punctuation	\text{\textbardbl}
eq_symbols-and-punctuation_085.tex	Symbols and Punctuation	\text{\textbar}
eq_symbols-and-punctuation_086.tex	Symbols and Punctuation	\text{\textbraceleft}
eq_symbols-and-punctuation_087.tex	Symbols and Punctuation	\text{\textbraceright}
eq_symbols-and-punctuation_088.tex	Symbols and Punctuation	\text{\textcircled a}
eq_symbols-and-punctuation_089.tex	Symbols and Punctuation	\text{\textdaggerdbl}
eq_symbols-and-punctuation_090.tex	Symbols and Punctuation	\text{\textdagger}
eq_symbols-and-punctuation_091.tex	Symbols and Punctuation	\text{\textdegree}
eq_symbols-and-punctuation_092.tex	Symbols and Punctuation	\text{\textdollar}
eq_symbols-and-punctuation_093.tex	Symbols and Punctuation	\text{\textellipsis}
eq_symbols-and-punctuation_094.tex	Symbols and Punctuation	\text{\textemdash}
eq_symbols-and-punctuation_095.tex	Symbols and Punctuation	\text{\textendash}
eq_symbols-and-punctuation_096.tex	Symbols and Punctuation	\text{\textgreater}
eq_symbols-and-punctuation_097.tex	Symbols and Punctuation	\text{\textless}
eq_symbols-and-punctuation_098.tex	Symbols and Punctuation	\text{\textquotedblleft}
eq_symbols-and-punctuation_099.tex	Symbols and Punctuation	\text{\textquotedblright}
eq_symbols-and-punctuation_100.tex	Symbols and Punctuation	\text{\textquoteleft}
eq_symbols-and-punctuation_101.tex	Symbols and Punctuation	\text{\textquoteright}
eq_symbols-and-punctuation_102.tex	Symbols and Punctuation	\text{\textregistered}
eq_symbols-and-punctuation_103.tex	Symbols and Punctuation	\text{\textsterling}
eq_symbols-and-punctuation_104.tex	Symbols and Punctuation	\text{\textunderscore}
eq_symbols-and-punctuation_105.tex	Symbols and Punctuation	\top
eq_symbols-and-punctuation_106.tex	Symbols and Punctuation	\triangle
eq_symbols-and-punctuation_107.tex	Symbols and Punctuation	\triangledown
eq_symbols-and-punctuation_108.tex	Symbols and Punctuation	\triangleleft
eq_symbols-and-punctuation_109.tex	Symbols and Punctuation	\triangleright
eq_symbols-and-punctuation_110.tex	Symbols and Punctuation	\vdots
eq_symbols-and-punctuation_111.tex	Symbols and Punctuation	\yen
eq_units_001.tex	Units	\huge\rule{10pt}{10pt}
eq_units_002.tex	Units	\huge\rule{18mu}{18mu}
eq_units_003.tex	Units	\huge\rule{1em}{1em}
eq_units_004.tex	Units	\rule{10pt}{10pt}
eq_units_005.tex	Units	\rule{18mu}{18mu}
eq_units_006.tex	Units	\rule{1em}{1em}
eq_units_007.tex	Units	\scriptscriptstyle\rule{10pt}{10pt}
eq_units_008.tex	Units	\scriptscriptstyle\rule{18mu}{18mu}
eq_units_009.tex	Units	\scriptscriptstyle\rule{1em}{1em}
eq_vertical-layout_001.tex	Vertical Layout	\begin{aligned} \sum_{\substack{0<i<m\\0<j<n}} \end{aligned}
eq_vertical-layout_002.tex	Vertical Layout	\overset{!}{=}
eq_vertical-layout_003.tex	Vertical Layout	\stackrel{!}{=}
eq_vertical-layout_004.tex	Vertical Layout	\underset{!}{=}
eq_vertical-layout_005.tex	Vertical Layout	_u^o
eq_vertical-layout_006.tex	Vertical Layout	a \atop b
eq_vertical-layout_007.tex	Vertical Layout	a+\left(\vcenter{\frac{\frac a b}c}\right)
eq_vertical-layout_008.tex	Vertical Layout	a\raisebox{0.25em}{$b$}c
eq_vertical-layout_009.tex	Vertical Layout	e^x
eq_vertical-layout_010.tex	Vertical Layout	x_n
eq_sqrt_001.tex	\\sqrt	\sqrt[3]{x}
eq_sqrt_002.tex	\\sqrt	\sqrt{x}
